-- phpMyAdmin SQL Dump
-- version phpStudy 2014
-- http://www.phpmyadmin.net
--
-- 主机: localhost
-- 生成日期: 2018 年 01 月 26 日 08:37
-- 服务器版本: 5.5.53
-- PHP 版本: 5.4.45

SET SQL_MODE="NO_AUTO_VALUE_ON_ZERO";
SET time_zone = "+00:00";


/*!40101 SET @OLD_CHARACTER_SET_CLIENT=@@CHARACTER_SET_CLIENT */;
/*!40101 SET @OLD_CHARACTER_SET_RESULTS=@@CHARACTER_SET_RESULTS */;
/*!40101 SET @OLD_COLLATION_CONNECTION=@@COLLATION_CONNECTION */;
/*!40101 SET NAMES utf8 */;

--
-- 数据库: `newordersys`
--
CREATE DATABASE `newordersys` DEFAULT CHARACTER SET utf8 COLLATE utf8_general_ci;
USE `newordersys`;

-- --------------------------------------------------------

--
-- 表的结构 `n_comment`
--

CREATE TABLE IF NOT EXISTS `n_comment` (
  `comment_id` int(10) unsigned NOT NULL AUTO_INCREMENT,
  `comment_service_score` varchar(10) DEFAULT NULL,
  `comment_taste_score` varchar(10) NOT NULL,
  `comment_content` varchar(255) NOT NULL COMMENT '评论内容',
  `seller_id` int(10) unsigned NOT NULL,
  `comment_add_time` varchar(50) DEFAULT '2017-12-1',
  PRIMARY KEY (`comment_id`),
  KEY `comment_service_score` (`comment_service_score`,`comment_taste_score`,`comment_content`,`seller_id`)
) ENGINE=InnoDB  DEFAULT CHARSET=utf8 COMMENT='商家评论表' AUTO_INCREMENT=19 ;

--
-- 转存表中的数据 `n_comment`
--

INSERT INTO `n_comment` (`comment_id`, `comment_service_score`, `comment_taste_score`, `comment_content`, `seller_id`, `comment_add_time`) VALUES
(1, '2', '1', '6fasdf', 1, '2017-12-1'),
(2, '2', '1', '6fasdf', 1, '2017-12-1'),
(3, '2', '1', '6fasdf', 1, '2017-12-1'),
(4, '2', '1', '6fasdf', 1, '2017-12-1'),
(5, '2', '1', '6fasdf', 1, '2017-12-1'),
(6, '2', '1', '6fasdf', 1, '2017-12-1'),
(7, '3', '1', 'fsdf', 1, '2017-12-1'),
(8, '4', '4', '', 1, '2017-12-01 14:58:12'),
(9, '3', '4', '', 1, '2017-12-01 14:58:53'),
(10, '4', '4', '', 1, '2017-12-01 14:58:56'),
(11, '4', '3', '', 1, '2017-12-01 14:58:59'),
(12, '4', '3', '鹅鹅鹅', 1, '2017-12-01 14:59:18'),
(13, '4', '4', '鹅鹅鹅', 1, '2017-12-01 14:59:24'),
(14, '4', '3', '', 1, '2017-12-01 15:04:21'),
(15, '3', '4', '\n和束手束脚', 1, '2017-12-01 15:23:57'),
(16, '4', '4', '好吃的', 1, '2017-12-01 15:57:24'),
(17, '4', '4', '好吃的', 1, '2017-12-01 15:57:26'),
(18, '5', '5', '歌不错哦', 1, '2017-12-01 16:54:50');

-- --------------------------------------------------------

--
-- 表的结构 `n_det`
--

CREATE TABLE IF NOT EXISTS `n_det` (
  `det_id` int(10) NOT NULL AUTO_INCREMENT,
  `order_num` varchar(255) NOT NULL COMMENT '订单号',
  `dish_id` int(10) NOT NULL COMMENT '菜品id',
  `det_dish_price` decimal(10,2) NOT NULL COMMENT '菜品单价',
  `det_dish_num` int(10) NOT NULL COMMENT '菜品数量',
  `det_status` tinyint(2) NOT NULL DEFAULT '0' COMMENT '菜品状态，0：未完成，1：已完成',
  PRIMARY KEY (`det_id`),
  KEY `order_num` (`order_num`,`dish_id`,`det_dish_price`,`det_dish_num`,`det_status`)
) ENGINE=InnoDB  DEFAULT CHARSET=utf8 COMMENT='订单详情表' AUTO_INCREMENT=638 ;

--
-- 转存表中的数据 `n_det`
--

INSERT INTO `n_det` (`det_id`, `order_num`, `dish_id`, `det_dish_price`, `det_dish_num`, `det_status`) VALUES
(2, 'HC201711161333271141', 4, '50.00', 1, 1),
(3, 'HC201711161342524137', 1, '20.00', 1, 1),
(4, 'HC201711161342524137', 2, '20.00', 1, 1),
(5, 'HC201711161342524137', 4, '50.00', 1, 1),
(6, 'HC201711161342524137', 7, '20.00', 1, 1),
(11, 'HC201711221031275927', 31, '18.00', 1, 0),
(12, 'HC201711221031275927', 155, '45.00', 1, 0),
(13, 'HC201711221038022342', 31, '18.00', 1, 0),
(14, 'HC201711221038022342', 155, '45.00', 1, 0),
(24, 'HC201711221335083446', 31, '18.00', 1, 0),
(25, 'HC201711221335083446', 155, '45.00', 2, 0),
(26, 'HC201711221354533318', 31, '18.00', 1, 0),
(27, 'HC201711221354533318', 155, '45.00', 2, 0),
(28, 'HC201711221355223275', 31, '18.00', 1, 0),
(29, 'HC201711221355223275', 155, '45.00', 2, 0),
(32, 'HC201711221403095763', 31, '18.00', 1, 0),
(33, 'HC201711221403095763', 155, '45.00', 2, 0),
(36, 'HC201711221418394652', 31, '18.00', 1, 0),
(37, 'HC201711221418394652', 155, '45.00', 2, 0),
(38, 'HC201711221421463413', 31, '18.00', 1, 0),
(39, 'HC201711221421463413', 155, '45.00', 2, 0),
(40, 'HC201711221427560599', 155, '45.00', 1, 0),
(41, 'HC201711221448037855', 3, '6.00', 1, 0),
(42, 'HC201711221448037855', 31, '18.00', 1, 0),
(43, 'HC201711221448037855', 155, '45.00', 1, 0),
(51, 'HC201711221547097010', 3, '6.00', 1, 0),
(52, 'HC201711221547097010', 31, '18.00', 1, 0),
(53, 'HC201711221547097010', 155, '45.00', 1, 0),
(54, 'HC201711221552399077', 3, '6.00', 1, 0),
(55, 'HC201711221552399077', 31, '18.00', 1, 0),
(56, 'HC201711221552399077', 155, '45.00', 1, 0),
(60, 'HC201711221553176534', 3, '6.00', 1, 0),
(61, 'HC201711221553176534', 31, '18.00', 1, 0),
(62, 'HC201711221553176534', 155, '45.00', 1, 0),
(63, 'HC201711221555322361', 3, '6.00', 1, 0),
(64, 'HC201711221555322361', 31, '18.00', 1, 0),
(65, 'HC201711221555322361', 155, '45.00', 1, 0),
(66, 'HC201711221555447793', 3, '6.00', 1, 0),
(67, 'HC201711221555447793', 31, '18.00', 1, 0),
(68, 'HC201711221555447793', 155, '45.00', 1, 0),
(69, 'HC201711221557150082', 3, '6.00', 2, 0),
(70, 'HC201711221557150082', 31, '18.00', 2, 0),
(71, 'HC201711221557150082', 155, '45.00', 2, 0),
(72, 'HC201711221604257893', 3, '6.00', 2, 0),
(73, 'HC201711221604257893', 31, '18.00', 2, 0),
(74, 'HC201711221604257893', 155, '45.00', 2, 0),
(75, 'HC201711221604400260', 3, '6.00', 2, 1),
(76, 'HC201711221604400260', 31, '18.00', 2, 1),
(77, 'HC201711221604400260', 155, '45.00', 2, 1),
(84, 'HC201711281042143559', 31, '18.00', 1, 1),
(85, 'HC201711281042143559', 52, '150.00', 1, 0),
(86, 'HC201711281042143559', 97, '85.00', 1, 0),
(87, 'HC201711281042143559', 155, '45.00', 1, 0),
(88, 'HC201711281102160880', 2, '12.00', 1, 0),
(89, 'HC201711281102160880', 4, '12.00', 1, 0),
(90, 'HC201711281102160880', 6, '8.00', 1, 0),
(91, 'HC201711281118440673', 31, '18.00', 1, 1),
(92, 'HC201711281118440673', 155, '45.00', 2, 1),
(93, 'HC201711281122148698', 31, '18.00', 1, 0),
(94, 'HC201711281122148698', 155, '45.00', 1, 0),
(97, 'HC201711281123441480', 31, '18.00', 1, 0),
(98, 'HC201711281123441480', 155, '45.00', 1, 0),
(95, 'HC201711281123446192', 31, '18.00', 1, 0),
(96, 'HC201711281123446192', 155, '45.00', 1, 0),
(99, 'HC201711281125154737', 31, '18.00', 1, 0),
(100, 'HC201711281125154737', 155, '45.00', 1, 0),
(101, 'HC201711281131173083', 3, '6.00', 1, 0),
(102, 'HC201711281131173083', 31, '18.00', 1, 0),
(122, 'HC201711281421275942', 155, '45.00', 1, 0),
(127, 'HC201711281532598833', 31, '18.00', 1, 1),
(128, 'HC201711281532598833', 155, '45.00', 2, 0),
(132, 'HC201711281534181083', 3, '6.00', 2, 0),
(133, 'HC201711281534181083', 31, '18.00', 2, 0),
(134, 'HC201711281534181083', 155, '45.00', 1, 0),
(129, 'HC201711281534183243', 3, '6.00', 2, 0),
(130, 'HC201711281534183243', 31, '18.00', 2, 0),
(131, 'HC201711281534183243', 155, '45.00', 1, 0),
(135, 'HC201711281650318753', 97, '85.00', 1, 0),
(159, 'HC201711290826100543', 155, '45.00', 2, 0),
(160, 'HC201711290826443886', 33, '6.00', 2, 0),
(161, 'HC201711290828117730', 155, '45.00', 1, 0),
(162, 'HC201711290831461423', 4, '12.00', 1, 1),
(166, 'HC201711290909572358', 6, '8.00', 1, 0),
(167, 'HC201711290909572358', 31, '18.00', 1, 0),
(168, 'HC201711290909572358', 33, '6.00', 1, 0),
(172, 'HC201711290941596157', 3, '6.00', 1, 0),
(173, 'HC201711290941596157', 4, '12.00', 1, 0),
(174, 'HC201711291123039102', 155, '45.00', 1, 0),
(176, 'HC201711291124267646', 155, '45.00', 1, 0),
(177, 'HC201711291307562649', 31, '18.00', 1, 0),
(178, 'HC201711291307562649', 155, '45.00', 1, 0),
(179, 'HC201711291329502488', 155, '45.00', 1, 1),
(180, 'HC201711291348324055', 155, '45.00', 1, 1),
(186, 'HC201711301045072747', 2, '12.00', 2, 1),
(187, 'HC201711301045072747', 31, '18.00', 1, 1),
(188, 'HC201711301045072747', 155, '45.00', 2, 1),
(189, 'HC201711301058252404', 31, '18.00', 1, 1),
(190, 'HC201711301058252404', 155, '45.00', 1, 0),
(191, 'HC201711301335219525', 28, '12.00', 1, 1),
(192, 'HC201711301335219525', 174, '88.00', 1, 1),
(193, 'HC201711301336169191', 25, '18.00', 1, 1),
(194, 'HC201711301336169191', 175, '12.00', 1, 1),
(195, 'HC201711301336169191', 177, '66.00', 1, 1),
(196, 'HC201711301407479175', 22, '20.00', 1, 0),
(197, 'HC201711301407479175', 28, '12.00', 1, 0),
(198, 'HC201711301407479175', 174, '88.00', 1, 0),
(199, 'HC201711301407479175', 178, '27.00', 1, 0),
(200, 'HC201711301407479175', 181, '13.00', 1, 0),
(201, 'HC201711301407479175', 183, '188.00', 1, 0),
(202, 'HC201711301408137428', 23, '12.00', 1, 1),
(203, 'HC201711301408137428', 26, '8.00', 1, 1),
(204, 'HC201711301408137428', 27, '32.00', 1, 1),
(205, 'HC201711301408137428', 178, '27.00', 1, 1),
(206, 'HC201711301514449725', 184, '66.00', 1, 1),
(207, 'HC201711301514449725', 185, '8.00', 1, 1),
(208, 'HC201711301514449725', 186, '12.00', 1, 1),
(209, 'HC201711301528385193', 1, '8.00', 1, 0),
(210, 'HC201711301528385193', 2, '12.00', 1, 0),
(211, 'HC201711301528385193', 182, '5.00', 1, 0),
(212, 'HC201711301611341682', 184, '66.00', 3, 0),
(213, 'HC201711301611341682', 185, '8.00', 2, 0),
(214, 'HC201711301611341682', 186, '12.00', 2, 0),
(215, 'HC201711301611341682', 187, '8.00', 2, 0),
(216, 'HC201712011017195846', 6, '8.00', 1, 0),
(219, 'HC201712011253207422', 2, '12.00', 1, 0),
(220, 'HC201712011253207422', 4, '12.00', 1, 0),
(221, 'HC201712011341199482', 1, '8.00', 1, 0),
(222, 'HC201712011341199482', 2, '12.00', 1, 0),
(223, 'HC201712011341199482', 3, '6.00', 1, 0),
(224, 'HC201712011341199482', 4, '12.00', 1, 0),
(225, 'HC201712011341199482', 5, '10.00', 1, 0),
(226, 'HC201712011343349271', 1, '8.00', 1, 0),
(227, 'HC201712011343349271', 2, '12.00', 1, 0),
(228, 'HC201712011343349271', 3, '6.00', 1, 0),
(229, 'HC201712011343349271', 4, '12.00', 1, 0),
(230, 'HC201712011343349271', 5, '10.00', 1, 0),
(231, 'HC201712011449493277', 188, '12.00', 2, 0),
(238, 'HC201712011451199260', 155, '45.00', 1, 0),
(239, 'HC201712011451199260', 182, '5.00', 1, 0),
(240, 'HC201712011454514100', 31, '18.00', 1, 0),
(241, 'HC201712011454514100', 155, '45.00', 1, 0),
(242, 'HC201712011457269824', 155, '45.00', 1, 0),
(243, 'HC201712011457269824', 182, '5.00', 1, 0),
(244, 'HC201712011500185750', 3, '6.00', 1, 0),
(245, 'HC201712011500185750', 4, '12.00', 1, 0),
(246, 'HC201712011500185750', 31, '18.00', 1, 0),
(247, 'HC201712011500185750', 155, '45.00', 1, 0),
(248, 'HC201712011521412416', 182, '5.00', 1, 0),
(249, 'HC201712011523369513', 155, '45.00', 1, 0),
(250, 'HC201712011523369513', 182, '5.00', 1, 0),
(273, 'HC201712011550414435', 2, '12.00', 1, 0),
(274, 'HC201712011550414435', 8, '50.00', 1, 0),
(275, 'HC201712011550414435', 33, '6.00', 1, 0),
(276, 'HC201712011550414435', 45, '22.00', 1, 0),
(277, 'HC201712011550414435', 56, '35.00', 2, 0),
(278, 'HC201712011550414435', 110, '35.00', 1, 0),
(279, 'HC201712011550414435', 182, '5.00', 1, 0),
(280, 'HC201712011550414435', 190, '12.00', 1, 0),
(281, 'HC201712011553122866', 83, '60.00', 1, 0),
(282, 'HC201712011553122866', 85, '90.00', 1, 0),
(283, 'HC201712011555279358', 3, '6.00', 1, 0),
(284, 'HC201712011555279358', 6, '8.00', 1, 0),
(285, 'HC201712011555279358', 44, '12.00', 1, 0),
(286, 'HC201712011555279358', 86, '30.00', 1, 0),
(287, 'HC201712011555279358', 92, '60.00', 1, 0),
(288, 'HC201712011555279358', 97, '85.00', 1, 0),
(289, 'HC201712011555279358', 118, '69.00', 1, 0),
(290, 'HC201712011555279358', 129, '60.00', 5, 0),
(291, 'HC201712011555279358', 139, '20.00', 1, 0),
(292, 'HC201712011555279358', 140, '108.00', 1, 0),
(293, 'HC201712011555279358', 153, '26.00', 1, 0),
(294, 'HC201712011555279358', 155, '45.00', 1, 0),
(295, 'HC201712011556215100', 31, '18.00', 1, 0),
(296, 'HC201712011556215100', 155, '45.00', 1, 0),
(297, 'HC201712011556215100', 182, '5.00', 1, 0),
(298, 'HC201712011556485237', 155, '45.00', 1, 0),
(299, 'HC201712011556485237', 182, '5.00', 1, 0),
(420, 'HC201712011600538923', 1, '8.00', 1, 0),
(421, 'HC201712011600538923', 3, '6.00', 1, 0),
(422, 'HC201712011600538923', 5, '10.00', 1, 0),
(423, 'HC201712011600538923', 11, '123.00', 1, 0),
(424, 'HC201712011600538923', 13, '30.00', 1, 0),
(425, 'HC201712011600538923', 31, '18.00', 1, 0),
(426, 'HC201712011600538923', 32, '6.00', 1, 0),
(427, 'HC201712011600538923', 38, '12.00', 1, 0),
(428, 'HC201712011600538923', 39, '36.00', 1, 0),
(429, 'HC201712011600538923', 40, '20.00', 1, 0),
(430, 'HC201712011600538923', 44, '12.00', 1, 0),
(431, 'HC201712011600538923', 45, '22.00', 1, 0),
(432, 'HC201712011600538923', 46, '25.00', 1, 0),
(433, 'HC201712011600538923', 47, '50.00', 1, 0),
(434, 'HC201712011600538923', 48, '23.00', 1, 0),
(435, 'HC201712011600538923', 49, '22.00', 1, 0),
(436, 'HC201712011600538923', 50, '21.00', 1, 0),
(437, 'HC201712011600538923', 95, '50.00', 1, 0),
(438, 'HC201712011600538923', 97, '85.00', 1, 0),
(439, 'HC201712011600538923', 154, '45.00', 1, 0),
(440, 'HC201712011600538923', 155, '45.00', 1, 0),
(441, 'HC201712011600538923', 182, '5.00', 2, 0),
(442, 'HC201712011601078647', 2, '12.00', 1, 0),
(443, 'HC201712011601078647', 4, '12.00', 3, 0),
(444, 'HC201712011601078647', 6, '8.00', 1, 0),
(445, 'HC201712011601078647', 31, '18.00', 1, 0),
(446, 'HC201712011601078647', 35, '22.00', 1, 0),
(447, 'HC201712011603583528', 31, '18.00', 1, 0),
(448, 'HC201712011603583528', 155, '45.00', 1, 0),
(449, 'HC201712011603583528', 182, '5.00', 1, 0),
(450, 'HC201712011604492575', 155, '45.00', 1, 0),
(451, 'HC201712011604492575', 182, '5.00', 1, 0),
(452, 'HC201712011605595627', 155, '45.00', 1, 0),
(453, 'HC201712011605595627', 182, '5.00', 1, 0),
(454, 'HC201712011606115525', 155, '45.00', 1, 0),
(455, 'HC201712011606115525', 182, '5.00', 1, 0),
(456, 'HC201712011606172586', 155, '45.00', 1, 0),
(457, 'HC201712011606172586', 182, '5.00', 1, 0),
(458, 'HC201712011606249780', 155, '45.00', 1, 0),
(459, 'HC201712011606249780', 182, '5.00', 1, 0),
(460, 'HC201712011607594150', 155, '45.00', 1, 0),
(461, 'HC201712011607594150', 182, '5.00', 1, 0),
(462, 'HC201712011609083519', 1, '8.00', 1, 0),
(463, 'HC201712011609083519', 2, '12.00', 1, 0),
(464, 'HC201712011609083519', 3, '6.00', 1, 0),
(465, 'HC201712011609083519', 4, '12.00', 1, 0),
(466, 'HC201712011609083519', 5, '10.00', 1, 0),
(467, 'HC201712011609083519', 6, '8.00', 1, 0),
(468, 'HC201712011609083519', 7, '10.00', 1, 0),
(469, 'HC201712011609083519', 8, '50.00', 1, 0),
(470, 'HC201712011609083519', 11, '123.00', 1, 0),
(471, 'HC201712011609083519', 12, '66.00', 1, 0),
(472, 'HC201712011609083519', 13, '30.00', 1, 0),
(473, 'HC201712011609083519', 31, '18.00', 1, 0),
(474, 'HC201712011609083519', 32, '6.00', 1, 0),
(475, 'HC201712011609083519', 33, '6.00', 1, 0),
(476, 'HC201712011609083519', 34, '22.00', 1, 0),
(477, 'HC201712011609083519', 35, '22.00', 1, 0),
(478, 'HC201712011609083519', 36, '66.00', 1, 0),
(479, 'HC201712011609083519', 38, '12.00', 1, 0),
(480, 'HC201712011609083519', 39, '36.00', 1, 0),
(481, 'HC201712011609083519', 40, '20.00', 1, 0),
(482, 'HC201712011609083519', 44, '12.00', 1, 0),
(483, 'HC201712011609083519', 45, '22.00', 1, 0),
(484, 'HC201712011609083519', 46, '25.00', 1, 0),
(485, 'HC201712011609083519', 47, '50.00', 1, 0),
(486, 'HC201712011609083519', 48, '23.00', 1, 0),
(487, 'HC201712011609083519', 49, '22.00', 1, 0),
(488, 'HC201712011609083519', 50, '21.00', 1, 0),
(489, 'HC201712011609083519', 52, '150.00', 1, 0),
(490, 'HC201712011609083519', 95, '50.00', 1, 0),
(491, 'HC201712011609083519', 97, '85.00', 1, 0),
(492, 'HC201712011609083519', 105, '60.00', 1, 0),
(493, 'HC201712011609083519', 154, '45.00', 1, 0),
(494, 'HC201712011609083519', 172, '12.00', 1, 0),
(495, 'HC201712011609083519', 190, '12.00', 1, 0),
(496, 'HC201712011610171182', 81, '50.00', 1, 0),
(497, 'HC201712011610171182', 155, '45.00', 1, 0),
(498, 'HC201712011610171182', 182, '5.00', 1, 0),
(499, 'HC201712011610474501', 81, '50.00', 1, 0),
(500, 'HC201712011610474501', 155, '45.00', 1, 0),
(501, 'HC201712011610474501', 182, '5.00', 1, 0),
(502, 'HC201712011613561146', 2, '12.00', 1, 0),
(503, 'HC201712011613561146', 3, '6.00', 1, 0),
(504, 'HC201712011613561146', 4, '12.00', 1, 0),
(505, 'HC201712011613561146', 31, '18.00', 1, 0),
(506, 'HC201712011614526529', 2, '12.00', 1, 0),
(507, 'HC201712011614526529', 6, '8.00', 1, 0),
(508, 'HC201712011614526529', 35, '22.00', 1, 0),
(509, 'HC201712011615552421', 155, '45.00', 1, 0),
(510, 'HC201712011615552421', 182, '5.00', 1, 0),
(511, 'HC201712011635389088', 155, '45.00', 1, 0),
(512, 'HC201712011635389088', 182, '5.00', 1, 0),
(513, 'HC201712011654123439', 3, '6.00', 2, 0),
(514, 'HC201712011654123439', 4, '12.00', 2, 0),
(515, 'HC201712011654123439', 31, '18.00', 3, 0),
(516, 'HC201712011654123439', 155, '45.00', 3, 0),
(517, 'HC201712011654123439', 182, '5.00', 3, 0),
(532, 'HC201712041603082093', 31, '18.00', 1, 0),
(533, 'HC201712041603082093', 155, '45.00', 1, 0),
(530, 'HC201712041603083821', 31, '18.00', 1, 0),
(531, 'HC201712041603083821', 155, '45.00', 1, 0),
(534, 'HC201712041612181454', 4, '12.00', 1, 0),
(535, 'HC201712041612181454', 31, '18.00', 1, 0),
(536, 'HC201712041612181454', 155, '45.00', 1, 0),
(537, 'HC201712041613102204', 31, '18.00', 1, 0),
(538, 'HC201712041613102204', 155, '45.00', 1, 0),
(539, 'HC201712050825025382', 31, '18.00', 1, 0),
(540, 'HC201712050825025382', 155, '45.00', 1, 0),
(541, 'HC201712050924334306', 3, '6.00', 1, 0),
(542, 'HC201712050924334306', 4, '12.00', 1, 0),
(544, 'HC201712050927130078', 31, '18.00', 1, 0),
(543, 'HC201712050927139763', 31, '18.00', 1, 0),
(545, 'HC201712050934323572', 155, '45.00', 1, 0),
(547, 'HC201712050950204551', 33, '6.00', 1, 0),
(558, 'HC201712050950204551', 155, '45.00', 1, 0),
(546, 'HC201712050950204551', 155, '45.00', 2, 0),
(548, 'HC201712050950204551', 155, '45.00', 2, 0),
(549, 'HC201712050950204551', 155, '45.00', 2, 0),
(550, 'HC201712051006395110', 31, '18.00', 1, 0),
(552, 'HC201712051006395110', 31, '18.00', 1, 0),
(553, 'HC201712051006395110', 31, '18.00', 1, 0),
(559, 'HC201712051006395110', 31, '18.00', 1, 0),
(616, 'HC201712051006395110', 31, '18.00', 1, 0),
(551, 'HC201712051006395110', 155, '45.00', 1, 0),
(560, 'HC201712051006395110', 155, '45.00', 1, 0),
(569, 'HC201712051006395110', 155, '45.00', 1, 0),
(617, 'HC201712051006395110', 155, '45.00', 1, 0),
(611, 'HC201712051040265599', 2, '12.00', 1, 0),
(599, 'HC201712051040265599', 3, '6.00', 1, 0),
(602, 'HC201712051040265599', 4, '12.00', 1, 0),
(612, 'HC201712051040265599', 4, '12.00', 1, 0),
(554, 'HC201712051040265599', 31, '18.00', 1, 0),
(556, 'HC201712051040265599', 31, '18.00', 1, 0),
(587, 'HC201712051040265599', 31, '18.00', 1, 0),
(600, 'HC201712051040265599', 31, '18.00', 1, 0),
(608, 'HC201712051040265599', 31, '18.00', 1, 0),
(613, 'HC201712051040265599', 31, '18.00', 1, 0),
(621, 'HC201712051040265599', 31, '18.00', 1, 0),
(623, 'HC201712051040265599', 31, '18.00', 1, 0),
(555, 'HC201712051040265599', 155, '45.00', 1, 0),
(557, 'HC201712051040265599', 155, '45.00', 1, 0),
(588, 'HC201712051040265599', 155, '45.00', 1, 0),
(601, 'HC201712051040265599', 155, '45.00', 1, 0),
(609, 'HC201712051040265599', 155, '45.00', 1, 0),
(610, 'HC201712051040265599', 155, '45.00', 1, 0),
(614, 'HC201712051040265599', 155, '45.00', 1, 0),
(615, 'HC201712051040265599', 155, '45.00', 1, 0),
(622, 'HC201712051040265599', 155, '45.00', 1, 0),
(624, 'HC201712051040265599', 155, '45.00', 1, 0),
(593, 'HC201712051110437206', 2, '12.00', 1, 0),
(561, 'HC201712051110437206', 6, '8.00', 1, 0),
(562, 'HC201712051110437206', 11, '123.00', 1, 0),
(563, 'HC201712051110437206', 14, '30.00', 1, 0),
(564, 'HC201712051110437206', 33, '6.00', 1, 0),
(565, 'HC201712051110437206', 44, '12.00', 1, 0),
(594, 'HC201712051110437206', 51, '54.00', 1, 0),
(566, 'HC201712051110437206', 73, '35.00', 1, 0),
(567, 'HC201712051110437206', 79, '60.00', 1, 0),
(589, 'HC201712051110437206', 85, '90.00', 1, 0),
(585, 'HC201712051110437206', 95, '50.00', 1, 0),
(595, 'HC201712051110437206', 105, '60.00', 1, 0),
(586, 'HC201712051110437206', 110, '35.00', 2, 0),
(590, 'HC201712051110437206', 120, '39.00', 1, 0),
(596, 'HC201712051110437206', 123, '59.00', 1, 0),
(591, 'HC201712051110437206', 124, '76.00', 1, 0),
(597, 'HC201712051110437206', 126, '123.00', 1, 0),
(592, 'HC201712051110437206', 135, '233.00', 1, 0),
(598, 'HC201712051110437206', 147, '26.00', 1, 0),
(568, 'HC201712051110437206', 172, '12.00', 1, 0),
(570, 'HC201712051111084869', 4, '12.00', 1, 0),
(603, 'HC201712051111084869', 4, '12.00', 1, 0),
(632, 'HC201712051111084869', 4, '12.00', 1, 0),
(571, 'HC201712051111084869', 7, '10.00', 1, 0),
(572, 'HC201712051111084869', 13, '30.00', 1, 0),
(573, 'HC201712051111084869', 31, '18.00', 1, 0),
(633, 'HC201712051111084869', 31, '18.00', 1, 0),
(574, 'HC201712051111084869', 38, '12.00', 1, 0),
(575, 'HC201712051111084869', 44, '12.00', 1, 0),
(634, 'HC201712051111084869', 44, '12.00', 1, 0),
(604, 'HC201712051111084869', 48, '23.00', 1, 0),
(576, 'HC201712051111084869', 77, '30.00', 1, 0),
(577, 'HC201712051111084869', 84, '20.00', 1, 0),
(578, 'HC201712051111084869', 87, '60.00', 1, 0),
(579, 'HC201712051111084869', 97, '85.00', 1, 0),
(635, 'HC201712051111084869', 97, '85.00', 1, 0),
(580, 'HC201712051111084869', 118, '69.00', 1, 0),
(581, 'HC201712051111084869', 129, '60.00', 1, 0),
(582, 'HC201712051111084869', 153, '26.00', 1, 0),
(583, 'HC201712051111084869', 155, '45.00', 1, 0),
(605, 'HC201712051111084869', 155, '45.00', 1, 0),
(584, 'HC201712051111084869', 171, '42.00', 1, 0),
(606, 'HC201712051111084869', 190, '12.00', 1, 0),
(607, 'HC201712051118083012', 155, '45.00', 2, 0),
(619, 'HC201712051242355590', 31, '18.00', 1, 0),
(620, 'HC201712051242355590', 31, '18.00', 1, 0),
(618, 'HC201712051242355590', 155, '45.00', 2, 0),
(625, 'HC201712051247492359', 3, '6.00', 1, 0),
(629, 'HC201712051247492359', 3, '6.00', 1, 0),
(626, 'HC201712051247492359', 31, '18.00', 1, 0),
(627, 'HC201712051248038184', 31, '18.00', 1, 0),
(628, 'HC201712051248038184', 155, '45.00', 1, 0),
(630, 'HC201712051252599999', 31, '18.00', 1, 0),
(631, 'HC201712051252599999', 155, '45.00', 1, 0),
(636, 'HC201712051334259027', 31, '18.00', 1, 0),
(637, 'HC201712051340117243', 31, '18.00', 1, 0);

-- --------------------------------------------------------

--
-- 表的结构 `n_dish`
--

CREATE TABLE IF NOT EXISTS `n_dish` (
  `dish_id` int(10) unsigned NOT NULL AUTO_INCREMENT,
  `type_id` int(10) NOT NULL COMMENT '分类id',
  `dish_name` varchar(50) NOT NULL COMMENT '菜品名称',
  `dish_price` decimal(10,2) NOT NULL COMMENT '菜品价格',
  `dish_unit` varchar(10) NOT NULL DEFAULT '份' COMMENT '菜品单位，默认为份',
  `dish_img` varchar(255) NOT NULL COMMENT '菜品图片',
  `dish_views` int(10) unsigned NOT NULL DEFAULT '0' COMMENT '浏览次数',
  `dish_status` tinyint(2) NOT NULL DEFAULT '1' COMMENT '菜品状态，1：正常显示， 0：下架',
  `dish_sales` int(10) DEFAULT '0',
  `seller_id` int(10) DEFAULT '1',
  PRIMARY KEY (`dish_id`),
  KEY `type_id` (`type_id`,`dish_name`,`dish_price`,`dish_unit`,`dish_img`,`dish_status`),
  KEY `dish_views` (`dish_views`)
) ENGINE=InnoDB  DEFAULT CHARSET=utf8 COMMENT='商家菜品表' AUTO_INCREMENT=191 ;

--
-- 转存表中的数据 `n_dish`
--

INSERT INTO `n_dish` (`dish_id`, `type_id`, `dish_name`, `dish_price`, `dish_unit`, `dish_img`, `dish_views`, `dish_status`, `dish_sales`, `seller_id`) VALUES
(1, 1, '糟香毛豆节', '8.00', '份', '20171122/5c68158a82f8850d02465f191adf9ffc.jpg', 0, 1, 0, 1),
(2, 1, '川香肚丝', '12.00', '份', '20171122/6a4a2ae9c6a50cbd6ba2774f3e24c0e7.png', 0, 1, 0, 1),
(3, 1, '周庄咸菜', '6.00', '份', '20171122/5d752a2c9479bae87a27725b81a9b04b.jpg', 0, 1, 0, 1),
(4, 1, '小黑木耳', '12.00', '份', '20171122/015cd7a2779773d8a26af4bd1e649c73.jpg', 0, 1, 0, 1),
(5, 1, '秘制鸭肝', '10.00', '份', '20171122/839c171bc21c2bdc9c8992da40eb48f4.jpg', 0, 1, 0, 1),
(6, 1, '开胃萝卜干', '8.00', '份', '20171122/9c1b2afec9f7a4cdf4f75eda0d120326.jpg', 0, 1, 0, 1),
(7, 1, '油爆小鱼', '10.00', '份', '20171122/6792e65ba13de8ab2cf471eae7e6de46.jpg', 0, 1, 0, 1),
(8, 2, '红烧肉鹌鹑蛋', '50.00', '份', '20171122/9753f18cc7402eb52f307d44c2aff534.jpg', 0, 1, 0, 1),
(11, 2, '春日海参', '123.00', '份', '20171122/63a9016eae3e74173b8bda75f34c9c64.jpg', 0, 1, 0, 1),
(12, 2, '红烧小杂鱼', '66.00', '份', '20171122/d12515aefe965cf99ea7c2c66df23e21.jpg', 0, 1, 0, 1),
(13, 2, '宫爆鸡丁', '30.00', '份', '20171122/a6892ef8c19a6669581aeee8e50ecf77.jpg', 0, 1, 0, 1),
(14, 3, '德州咸猪手', '30.00', '份', '20171122/f4e28cdf9aab79606ea6bd424a17e5cd.jpg', 0, 1, 0, 1),
(15, 3, '川香回锅肉', '27.00', '份', '20171122/985e4e60609a4f6971f7054069496cac.jpg', 0, 1, 0, 1),
(22, 5, '特色鱼排', '20.00', '份', '20171130/2df65435d0ea3dc7997517d0c6e40b7b.jpg', 0, 1, 0, 14),
(23, 6, '黑白无常', '12.00', '份', '20171130/d8c502899999171610eeaa255cfaa62e.jpg', 0, 1, 0, 14),
(24, 5, '商南', '15.00', '份', '20171130/adff29d59bb1efd2b19215ad29263c05.jpg', 0, 1, 0, 14),
(25, 6, '云海蛛丝', '18.00', '份', '20171130/aa32a741fd88469586145c4edcb7308b.jpg', 0, 1, 0, 14),
(26, 6, '清浅', '8.00', '份', '20171130/8faae1d5ae0f8bc98ad54efcaca8762c.jpg', 0, 1, 0, 14),
(27, 5, '饿中肝', '32.00', '份', '20171130/72379ff04040c0880a1930cc4bf6e55e.jpg', 0, 1, 0, 14),
(28, 5, '双星子', '12.00', '份', '20171130/387725834cb60e0866d5e1646fa159a3.jpg', 0, 1, 0, 14),
(29, 7, '萌坏了', '27.00', '份', '20171130/3589185356c68aef5fba6dfd04c6079b.jpg', 0, 1, 0, 14),
(31, 1, '五香牛肉', '18.00', '份', '20171122/693dfef3616c195e87f8851b02ba6c47.jpg', 0, 1, 0, 1),
(32, 1, '蒜泥黄瓜', '6.00', '份', '20171122/652e2a593e3e912aa77248546af431c2.jpg', 0, 1, 0, 1),
(33, 1, '油焖笋', '6.00', '份', '20171122/a251ab13c35fd9e4b0f8727ba44f7160.jpg', 0, 1, 0, 1),
(34, 1, '泡椒鸡杂', '22.00', '份', '20171122/de92b58fa51f8f4be87a8765cc7956c4.jpg', 0, 1, 0, 1),
(35, 1, '松花蛋', '22.00', '份', '20171122/e15654bd2cc173b0791dc386672d4f20.jpg', 0, 1, 0, 1),
(36, 2, '红烧猪蹄', '66.00', '份', '20171122/1e493c11bca8a7ad56e691f2213f71fc.jpg', 0, 1, 0, 1),
(37, 2, '肉末粉丝', '25.00', '份', '20171122/9be946481b29089e3524816b947c4e9d.jpg', 0, 1, 0, 1),
(38, 2, '手撕包菜', '12.00', '份', '20171122/9c17bcacd8b41d02db41f34ea4366f74.jpg', 0, 1, 0, 1),
(39, 2, '水煮肉片', '36.00', '份', '20171122/c05160cdfe69f8524f84e0290dd59283.jpg', 0, 1, 0, 1),
(40, 2, '松仁玉米', '20.00', '份', '20171122/2cc583c0d275c22d1bbbd45b038ef345.jpg', 0, 1, 0, 1),
(41, 2, '酸菜黑鱼', '23.00', '份', '20171122/5b11bbe8199a68d84ff7c4ff0d24ab4a.jpg', 0, 1, 0, 1),
(42, 2, '酸汤肥牛', '56.00', '份', '20171122/19aadb5f10c4a558ac13b7fed2ae0f9a.jpg', 0, 1, 0, 1),
(43, 2, '虾仁豆腐', '16.00', '份', '20171122/6f48ef9a57f456d9c9ac6f2791b5531c.jpg', 0, 1, 0, 1),
(44, 2, '咸蛋黄焗锅巴', '12.00', '份', '20171122/c3e86f67b5185ad2795ce503c34369c5.jpg', 0, 1, 0, 1),
(45, 2, '川味稻香蛙', '22.00', '份', '20171122/a29c044eba58871242d0f20ea3228d80.jpg', 0, 1, 0, 1),
(46, 2, '川味蒜香排骨', '25.00', '份', '20171122/634e5ebe81021742a899108169317c02.jpg', 0, 1, 0, 1),
(47, 2, '川味孜然鱿鱼', '50.00', '份', '20171122/65bcc02f9631b274b78b4c84b77a94a8.jpg', 0, 1, 0, 1),
(48, 2, '功夫腰花', '23.00', '份', '20171122/1d6d7004237151850d7c43041aca60af.jpg', 0, 1, 0, 1),
(49, 2, '口味鸡杂', '22.00', '份', '20171122/d44c18f1fbe2a723b46483c89c9e6ca9.jpg', 0, 1, 0, 1),
(50, 2, '山城辣子鸡', '21.00', '份', '20171122/f3b820a5fa6af27688637931245f3c2a.jpg', 0, 1, 0, 1),
(51, 2, '酸菜滑牛肉', '54.00', '份', '20171122/7ab9443a57fc30832e58ee0f535c856c.jpg', 0, 1, 0, 1),
(52, 2, '烤鱼', '150.00', '份', '20171122/144c8f182cfec2b69741c19a40e0a2b8.jpg', 0, 1, 0, 1),
(53, 2, '香菇腐竹炜牛腩', '56.00', '份', '20171122/aad5c544e331cd38e3dd3ea8bcf21080.jpg', 0, 1, 0, 1),
(55, 3, '高汤肉皮', '22.00', '份', '20171122/81181061c4e0b401bff42702fdb03f82.jpg', 0, 1, 0, 1),
(56, 3, '海鲜面疙瘩', '35.00', '份', '20171122/31dd1a409c14f7b0c1824794177d4de3.jpg', 0, 1, 0, 1),
(58, 3, '鸡汁黑木耳', '23.00', '份', '20171122/b6d05b4206e1cc42d589a07ce3c2f63a.jpg', 0, 1, 0, 1),
(60, 3, '椒盐排条', '39.00', '份', '20171122/bbcb45d85b4811a173e60a645e01aa3f.png', 0, 1, 0, 1),
(61, 3, '杭椒牛柳', '33.00', '份', '20171122/861253580768bef60dc9a62ebd55834f.jpg', 0, 1, 0, 1),
(64, 3, '毛血旺', '52.00', '份', '20171122/d14d03ffa234e5846d5da8b3da58a505.jpg', 0, 1, 0, 1),
(67, 3, '青椒跑蛋', '55.00', '份', '20171122/390d2f51251a96018890551650a407a7.jpg', 0, 1, 0, 1),
(68, 3, '热呛牛百叶', '45.00', '份', '20171122/45656ffec40c8c7bbdaf7e05429b8adb.jpg', 0, 1, 0, 1),
(70, 3, '上汤娃娃鱼', '36.00', '份', '20171122/5817030471499187c3c0312de27db188.jpg', 0, 1, 0, 1),
(73, 3, '洋葱大肠', '35.00', '份', '20171122/b98946eb0576fcb1988deee47c7976bf.jpg', 0, 1, 0, 1),
(75, 3, '银鱼跑蛋', '60.00', '份', '20171122/d9037be2eba09c14e1440daaabd607d0.jpg', 0, 1, 0, 1),
(77, 12, '玉米烙', '30.00', '份', '20171122/46b8a5ca62a00ed79aabd5fec81aeeee.jpg', 0, 1, 0, 1),
(78, 12, '水饺', '35.00', '份', '20171122/4060f57979fdf124a0b6ebb69efc1556.jpg', 0, 1, 0, 1),
(79, 12, '油煎水饺', '60.00', '份', '20171122/eb8b355f66f9af09bb6c412f1ae78f00.jpg', 0, 1, 0, 1),
(80, 12, '青菜面', '20.00', '份', '20171122/40842d3e4b0b678929131f3bc930247c.jpg', 0, 1, 0, 1),
(81, 12, '小汤圆', '50.00', '份', '20171122/d9eabb791f6872f4fb34e6ea210491be.jpg', 0, 1, 0, 1),
(83, 12, '八宝窝窝头', '60.00', '份', '20171122/36f7df37627658d9d608b3dc486a4b1f.jpg', 0, 1, 0, 1),
(84, 12, '馄饨', '20.00', '份', '20171122/aeb13582e1dc97c521f4f875a0416bf7.jpg', 0, 1, 0, 1),
(85, 12, '奶油包', '90.00', '份', '20171122/a99b501471b0574dd0d1ca845b1db241.jpg', 0, 1, 0, 1),
(86, 3, '干锅茶树菇', '30.00', '份', '20171122/60829db37d444e4a227a3c7731d53a9b.jpg', 0, 1, 0, 1),
(87, 3, '干锅牛腩粉皮', '60.00', '份', '20171122/dd3bfa8e96a37d8d51a34f3e1ccd383f.jpg', 0, 1, 0, 1),
(88, 3, '干锅牛蛙', '45.00', '份', '20171122/40834172e3a3773b4c10d2e90cc7eacb.jpg', 0, 1, 0, 1),
(89, 3, '干锅手撕包菜', '39.00', '份', '20171122/def9d7c3eaac7d8e644aa25d01a5605a.jpg', 0, 1, 0, 1),
(90, 3, '干锅鲜菇豆腐', '50.00', '份', '20171122/a7133aa04bc92dcb54b039b13aba2661.jpg', 0, 1, 0, 1),
(91, 3, '干锅鱿鱼虾', '70.00', '份', '20171122/e5dbdf0629a351290e017eeec30ba447.jpg', 0, 1, 0, 1),
(92, 3, '干锅有机花菜', '60.00', '份', '20171122/8e6b57481bb300a3656834a4a5ea583a.jpg', 0, 1, 0, 1),
(93, 3, '羊肉锅仔', '50.00', '份', '20171122/d6b20fd2e0efd3a7fa0b9b05b5c21aaf.jpg', 0, 1, 0, 1),
(94, 3, '重庆特色烧鸡公', '60.00', '份', '20171122/4c7380342784fe01cecbf9d154c6535f.jpg', 0, 1, 0, 1),
(95, 2, '大白菜蒸咸肉', '50.00', '份', '20171122/bffd08e30bb9fafcd788d833d7f1e88b.jpg', 0, 1, 0, 1),
(97, 2, '剁椒鱼头', '85.00', '份', '20171122/4627eb3d0ab1c13e449a26060c8c5f3d.jpg', 0, 1, 0, 1),
(99, 2, '蛤蜊炖蛋', '50.00', '份', '20171122/5afae7e6bb4767d8a39b0be3a681082c.jpg', 0, 1, 0, 1),
(103, 2, '肉末炖蛋', '42.00', '份', '20171122/1ba51ccefb894fe273f9e322c07781ce.jpg', 0, 1, 0, 1),
(105, 2, '笋干蒸鸡', '60.00', '份', '20171122/5e55177796a22d2ff162be7f95d68786.jpg', 0, 1, 0, 1),
(107, 2, '鸳鸯鱼头', '60.00', '份', '20171122/b7f02ac055d5b0cbe82bfe0978ee36ee.jpg', 0, 1, 0, 1),
(110, 2, '蒸蛋饺', '35.00', '份', '20171122/e6fbbe846e4a21ed14a1a51e30de0aac.jpg', 0, 1, 0, 1),
(113, 11, '白水鱼', '60.00', '份', '20171122/165c9afbb34c4b9ba6f1ed0a655837d8.jpg', 0, 1, 0, 1),
(114, 11, '葱姜牲子', '60.00', '份', '20171122/43e177d413a2f86b43f755d801a4e7ea.jpg', 0, 1, 0, 1),
(115, 11, '葱姜花蛤', '30.00', '份', '20171122/7869ca7b5a5c3a62454771d7d2def773.jpg', 0, 1, 0, 1),
(117, 11, '干煎带鱼', '52.00', '份', '20171122/20318490b4bfe18579eb2e02dcb84303.jpg', 0, 1, 0, 1),
(118, 11, '河坉', '69.00', '份', '20171122/31bbc91f995e8802203999a014bec4dd.jpg', 0, 1, 0, 1),
(119, 11, '红烧昂刺鱼', '85.00', '份', '20171122/699955b10f1ed22b375a9760c254e625.jpg', 0, 1, 0, 1),
(120, 11, '红烧鳊鱼', '39.00', '份', '20171122/d6f8d243e6abbb5de774647e92ab02c8.jpg', 0, 1, 0, 1),
(121, 11, '红烧鲳鱼', '80.00', '份', '20171122/42e965cd22dd36b42309df9355fd5aff.jpg', 0, 1, 0, 1),
(122, 11, '红烧带鱼', '90.00', '份', '20171122/ae32cbdfd94b119bd557e04029d04019.jpg', 0, 1, 0, 1),
(123, 11, '红烧鲫鱼', '59.00', '份', '20171122/3c6caf261c6fdd8866e46ca4c6d17f09.jpg', 0, 1, 0, 1),
(124, 11, '红烧鲈鱼', '76.00', '份', '20171122/083be5d1792ac7145d61d2e7e9d15ae5.jpg', 0, 1, 0, 1),
(125, 11, '红烧小黄鱼', '50.00', '份', '20171122/d3628a49a6bd9320024ada8f34195c2c.jpg', 0, 1, 0, 1),
(126, 11, '清蒸鲳鱼', '123.00', '份', '20171122/8073a01abb6176e60594ef885565ff16.jpg', 0, 1, 0, 1),
(127, 11, '清蒸带鱼', '69.00', '份', '20171122/b2929740a0d3b4c9b3127c3339e9a0b4.jpg', 0, 1, 0, 1),
(128, 11, '清蒸鲈鱼', '80.00', '份', '20171122/8aad35d19951277249a39c446e05fe88.jpg', 0, 1, 0, 1),
(129, 11, '扇贝', '60.00', '份', '20171122/6b4fb2915303354206786dda8048e7cc.jpg', 0, 1, 0, 1),
(130, 11, '烧汤昂刺鱼', '233.00', '份', '20171122/6496bc96bebe83dab60bb427a7190712.jpg', 0, 1, 0, 1),
(131, 11, '烧汤鱼头', '211.00', '份', '20171122/5f48011b6be2cab107005bb04f5beadb.jpg', 0, 1, 0, 1),
(132, 11, '双椒鱼头', '256.00', '份', '20171122/2a9997499126e41a4af2fa78a6b9b78e.jpg', 0, 1, 0, 1),
(133, 11, '松仁鲈鱼', '245.00', '份', '20171122/5b81d916f2fddfe31ac80779905805c1.jpg', 0, 1, 0, 1),
(135, 11, '蒜蓉蛏子', '233.00', '份', '20171122/a1a4561ae1dd43636044976171b1f12a.jpg', 0, 1, 0, 1),
(136, 11, '蒜蓉花蛤', '56.00', '份', '20171122/419d0d0b491953c86f908fdee05b2348.jpg', 0, 1, 0, 1),
(137, 11, '虾', '451.00', '份', '20171122/29a2ad45ae7112d00e30c007115d0323.jpg', 0, 1, 0, 1),
(138, 10, '纯生', '25.00', '份', '20171122/9ac3f25bc4d0d0125aff1c22d7dae4aa.jpg', 0, 1, 0, 1),
(139, 10, '果粒橙', '20.00', '份', '20171122/9f3fa3f2bd24ca6eef18b2f9fb28ecec.jpg', 0, 1, 0, 1),
(140, 10, '海之蓝', '108.00', '份', '20171122/39fcb728589c7b0f93bbc7bf0da5e600.jpg', 0, 1, 0, 1),
(141, 10, '青岛啤酒', '35.00', '份', '20171122/dd9970c1f3726b18eea36a3244f6b2f3.jpg', 0, 1, 0, 1),
(142, 10, '塔牌黄酒', '30.00', '份', '20171122/0856124ec0cbf33820bf442cd77a3a77.jpg', 0, 1, 0, 1),
(143, 10, '雪碧01', '15.00', '份', '20171122/67bf325fb3ed14774135a8089e9dc4f8.jpg', 0, 1, 0, 1),
(144, 4, '酸辣汤', '35.00', '份', '20171122/eb9a1d820207d59e03ac1d66e4db05d0.jpg', 0, 1, 0, 1),
(146, 4, '榨菜肉丝汤', '25.00', '份', '20171122/e93edfa5a62f9c7ce9c3dcb26681d391.jpeg', 0, 1, 0, 1),
(147, 4, '黄瓜蛋皮汤', '26.00', '份', '20171122/62f8ff3b8a29d530354242e39b120349.jpg', 0, 1, 0, 1),
(148, 4, '鱼头豆腐汤', '45.00', '份', '20171122/29317142d91c8cc60c887f06aec39504.jpg', 0, 1, 0, 1),
(149, 4, '香菜豆腐汤', '45.00', '份', '20171122/6e57bd7f134d3560b67ac98fb27ac138.jpg', 0, 1, 0, 1),
(150, 4, '萝卜小排汤', '65.00', '份', '20171122/345e6a8d3dabb78fa0f2eac7f2241d90.jpg', 0, 1, 0, 1),
(151, 4, '三鲜汤', '35.00', '份', '20171122/b0f99eb1612541c8716e73233110652d.jpg', 0, 1, 0, 1),
(152, 4, '西红柿蛋汤', '36.00', '份', '20171122/d1556ec5cf7d35e5fc23a42e91e596d7.jpg', 0, 1, 0, 1),
(153, 4, '西湖牛肉羹', '26.00', '份', '20171122/df64173a91b203e2a095d1db98486367.jpg', 0, 1, 0, 1),
(154, 1, '茶树菇咸鸭蛋', '45.00', '份', '20171122/27bb408bb9ef59fc6f0122458ce621dd.jpg', 0, 1, 0, 1),
(155, 1, '串串虾', '45.00', '份', '20171122/34e141c4c3b528fc00c18fb2bcabd8d9.jpg', 0, 1, 0, 1),
(167, 9, '红糖发糕', '25.00', '份', '20171122/7b43fbb32fd655ab3621db39d402ae53.jpg', 0, 1, 0, 1),
(168, 9, '鸡蛋茭白炒饭', '35.00', '份', '20171122/f7d101168cef05dd30409b02352de999.JPG', 0, 1, 0, 1),
(169, 9, '京酱肉饼', '52.00', '份', '20171122/6f2c94d0284528cafc8bc17cf6de8c41.JPG', 0, 1, 0, 1),
(170, 9, '开花馒头', '30.00', '份', '20171122/1dd39ee1fa491862f629c08b257a11a6.jpg', 0, 1, 0, 1),
(171, 9, '牛肉卷饼', '42.00', '份', '20171122/77bc2d6ecc91cea87a2cc349f6aa49fa.jpg', 0, 1, 0, 1),
(172, 1, '清炒金针菇', '12.00', '份', '20171128/2f7fb8047bb88a54ee0129ac76adedff.jpg', 0, 1, 0, 1),
(173, 5, '清炒野木耳', '20.00', '份', '20171130/91896365a008c4b05430b92ecc754327.jpg', 0, 1, 0, 14),
(174, 5, '云藕鸡丝', '88.00', '份', '20171130/6d5fd5859449fd73c383d161cd59d364.png', 0, 1, 0, 14),
(175, 6, '绿荫环绕', '12.00', '份', '20171130/9249c0d216feb8079860bb2529180832.jpg', 0, 1, 0, 14),
(176, 6, '黑白无间', '12.00', '份', '20171130/0d9f54112059c4b9a31589d4eb8336ab.jpg', 0, 1, 0, 14),
(177, 6, '淡青', '66.00', '份', '20171130/d09da9fc8051c1381debc987498152f9.jpg', 0, 1, 0, 14),
(178, 7, '煎包小鱼', '27.00', '份', '20171130/58c632ae44a807721ff1cfbff6fa0d30.jpg', 0, 1, 0, 14),
(179, 7, '四肢相见', '28.00', '份', '20171130/8d6450374335a4dc2f981770e6ec2aad.jpg', 0, 1, 0, 14),
(180, 7, '黄里见白', '18.00', '份', '20171130/17f0eb53ecbee0b645156bf6c89dae97.jpg', 0, 1, 0, 14),
(181, 7, '五香毛豆', '13.00', '份', '20171130/600b38a558c222eee6be03dfee382fda.jpg', 0, 1, 0, 14),
(182, 1, 'yumi', '5.00', '份', '20171130/d0c5436327bc9c6dbbbd462181a1c986.jpg', 0, 0, 0, 1),
(183, 6, '非洲面疙瘩', '188.00', '份', '20171130/97790a365f214fa916d3e72297d9ea6c.png', 0, 1, 0, 14),
(184, 13, '小肥鱼', '66.00', '份', '20171130/868662db63334e0940655b05f9074741.jpg', 0, 1, 0, 17),
(185, 14, '清炒蓬蒿', '8.00', '份', '20171130/0fc76b40e801474d2dca13f7dd4d3385.jpg', 0, 1, 0, 17),
(186, 15, '凉拌甘蔗', '12.00', '份', '20171130/953605b3b17467ef0e474e3cd5a1c783.jpg', 0, 1, 0, 17),
(187, 16, '喜闻乐见', '8.00', '份', '20171130/355e67c90d79cbe3dfdf0879e459eb5b.jpg', 0, 1, 0, 17),
(188, 17, 'sff', '12.00', '份', '20171201/6b5e43df43b12ae743906d94fb308093.jpg', 0, 1, 0, 18),
(189, 19, '阿拉丁神灯', '20.00', '份', '20171201/f8208ea79c3399fa6196c22a4645990e.png', 0, 1, 0, 19),
(190, 2, 'dsfsa', '12.00', '份', '20171201/eadd8e73fbef1f12fc5b2289c01d7270.png', 0, 1, 0, 1);

-- --------------------------------------------------------

--
-- 表的结构 `n_order`
--

CREATE TABLE IF NOT EXISTS `n_order` (
  `order_id` int(10) NOT NULL AUTO_INCREMENT,
  `seller_id` int(10) NOT NULL COMMENT '商家id',
  `order_num` varchar(255) NOT NULL COMMENT '订单号',
  `order_table_num` varchar(20) NOT NULL COMMENT '桌号',
  `order_add_time` varchar(50) NOT NULL COMMENT '下单时间',
  `order_status` tinyint(2) NOT NULL DEFAULT '0' COMMENT '订单状态，0未完成',
  `order_is_pay` tinyint(2) DEFAULT '0',
  `user_ident` varchar(50) DEFAULT 'user',
  PRIMARY KEY (`order_id`),
  UNIQUE KEY `order_num` (`order_num`),
  KEY `order_table_num` (`order_table_num`,`order_add_time`,`order_status`),
  KEY `seller_id` (`seller_id`)
) ENGINE=InnoDB  DEFAULT CHARSET=utf8 COMMENT='订单表' AUTO_INCREMENT=95 ;

--
-- 转存表中的数据 `n_order`
--

INSERT INTO `n_order` (`order_id`, `seller_id`, `order_num`, `order_table_num`, `order_add_time`, `order_status`, `order_is_pay`, `user_ident`) VALUES
(1, 1, 'HC201711161128205320', '1', '2017-11-16 11:28:21', 1, 1, 'user'),
(2, 1, 'HC201711161333271141', '1', '2017-11-16 13:33:27', 2, 1, 'user'),
(3, 1, 'HC201711161342524137', '1', '2017-11-16 13:42:52', 1, 0, 'user'),
(4, 1, 'HC201711221556410609', '1', '2017-11-22 15:56:41', 1, 0, 'user'),
(5, 1, 'HC201711221557150082', '1', '2017-11-22 15:57:15', 1, 0, 'user'),
(6, 1, 'HC201711221604257893', '1', '2017-11-22 16:04:25', 0, 0, 'user'),
(7, 1, 'HC201711221604400260', '1', '2017-11-22 16:04:40', 2, 0, 'user'),
(8, 1, 'HC201711281042143559', '1', '2017-11-28 10:42:14', 1, 0, 'user'),
(9, 1, 'HC201711281102160880', '1', '2017-11-28 11:02:16', 0, 0, 'user'),
(10, 1, 'HC201711281118440673', '1', '2017-11-28 11:18:44', 2, 1, 'user'),
(11, 1, 'HC201711281122148698', '1', '2017-11-28 11:22:14', 0, 0, 'user'),
(12, 1, 'HC201711281123446192', '1', '2017-11-28 11:23:44', 0, 0, 'user'),
(13, 1, 'HC201711281123441480', '1', '2017-11-28 11:23:45', 0, 0, 'user'),
(14, 1, 'HC201711281125154737', '1', '2017-11-28 11:25:15', 0, 0, 'user'),
(15, 1, 'HC201711281131173083', '5', '2017-11-28 11:31:17', 0, 0, 'user'),
(16, 1, '1', '1', '2017-11-28 14:21:27', 0, 0, 'user'),
(17, 1, 'HC201711281532598833', '1', '2017-11-28 15:32:59', 1, 0, 'user'),
(18, 1, 'HC201711281534183243', '1', '2017-11-28 15:34:18', 0, 0, 'user'),
(19, 1, 'HC201711281534181083', '1', '2017-11-28 15:34:18', 0, 0, 'user'),
(20, 1, 'HC201711281650318753', '1', '2017-11-28 16:50:31', 0, 0, 'user'),
(21, 1, 'HC201711290826100543', '1', '2017-11-29 08:26:10', 0, 0, 'user'),
(22, 1, 'HC201711290826443886', '1', '2017-11-29 08:26:44', 0, 0, 'user'),
(23, 1, 'HC201711290828117730', '3', '2017-11-29 08:28:11', 0, 0, 'user'),
(24, 1, 'HC201711290831461423', '3', '2017-11-29 08:31:46', 1, 1, 'user'),
(25, 1, 'HC201711290909572358', '1', '2017-11-29 09:09:57', 0, 0, 'user'),
(26, 1, 'HC201711290941596157', '1', '2017-11-29 09:41:59', 0, 0, 'user'),
(27, 1, 'HC201711291123039102', '1', '2017-11-29 11:23:03', 1, 0, 'user'),
(28, 1, 'HC201711291124267646', '3', '2017-11-29 11:24:26', 1, 0, 'user'),
(29, 1, 'HC201711291307562649', '1', '2017-11-29 13:07:56', 0, 0, 'user'),
(30, 1, 'HC201711291329502488', '3', '2017-11-29 13:29:50', 2, 0, 'user'),
(31, 1, 'HC201711291348324055', '1', '2017-11-29 13:48:32', 1, 1, 'user'),
(32, 1, 'HC201711301045072747', '1', '2017-11-30 10:45:07', 1, 1, 'user'),
(33, 1, 'HC201711301058252404', '1', '2017-11-30 10:58:25', 1, 0, 'user'),
(34, 14, 'HC201711301335219525', '12', '2017-11-30 13:35:21', 1, 1, 'user'),
(35, 14, 'HC201711301336169191', '12', '2017-11-30 13:36:16', 1, 1, 'user'),
(36, 14, 'HC201711301407479175', '12', '2017-11-30 14:07:47', 0, 0, 'user'),
(37, 14, 'HC201711301408137428', '12', '2017-11-30 14:08:13', 2, 1, 'user'),
(38, 17, 'HC201711301514449725', '127', '2017-11-30 15:14:44', 2, 1, 'user'),
(39, 1, 'HC201711301528385193', '1', '2017-11-30 15:28:38', 0, 1, 'user'),
(40, 17, 'HC201711301611341682', '127', '2017-11-30 16:11:34', 1, 0, 'user'),
(41, 1, 'HC201712011017195846', '12', '2017-12-01 10:17:19', 0, 0, 'user'),
(42, 1, 'HC201712011253207422', '1', '2017-12-01 12:53:20', 0, 1, 'user'),
(43, 1, 'HC201712011341199482', '3', '2017-12-01 13:41:19', 0, 1, 'user'),
(44, 1, 'HC201712011343349271', '3', '2017-12-01 13:43:34', 0, 0, 'user'),
(45, 18, 'HC201712011449493277', '1', '2017-12-01 14:49:49', 1, 0, 'user'),
(46, 1, 'HC201712011451199260', '3', '2017-12-01 14:51:19', 0, 0, 'user'),
(47, 1, 'HC201712011454514100', '3', '2017-12-01 14:54:51', 0, 1, 'user'),
(48, 1, 'HC201712011457269824', '1', '2017-12-01 14:57:26', 0, 1, 'user'),
(49, 1, 'HC201712011500185750', '1', '2017-12-01 15:00:18', 0, 1, 'user'),
(50, 1, 'HC201712011521412416', '3', '2017-12-01 15:21:41', 0, 1, 'user'),
(51, 1, 'HC201712011523369513', '8', '2017-12-01 15:23:36', 1, 1, 'user'),
(52, 1, 'HC201712011550414435', '12', '2017-12-01 15:50:41', 0, 0, 'user'),
(53, 1, 'HC201712011553122866', '3', '2017-12-01 15:53:12', 0, 1, 'user'),
(54, 1, 'HC201712011555279358', '12', '2017-12-01 15:55:27', 0, 1, 'user'),
(55, 1, 'HC201712011556215100', '5', '2017-12-01 15:56:21', 0, 1, 'user'),
(56, 1, 'HC201712011556485237', '3', '2017-12-01 15:56:48', 0, 1, 'user'),
(57, 1, 'HC201712011600538923', '1', '2017-12-01 16:00:53', 0, 1, 'user'),
(58, 1, 'HC201712011601078647', '12', '2017-12-01 16:01:07', 0, 0, 'user'),
(59, 1, 'HC201712011603583528', '12', '2017-12-01 16:03:58', 0, 0, 'user'),
(60, 1, 'HC201712011604492575', '12', '2017-12-01 16:04:49', 0, 0, 'user'),
(61, 1, 'HC201712011605595627', '3', '2017-12-01 16:05:59', 0, 0, 'user'),
(62, 1, 'HC201712011606115525', '3', '2017-12-01 16:06:11', 0, 0, 'user'),
(63, 1, 'HC201712011606172586', '3', '2017-12-01 16:06:17', 0, 0, 'user'),
(64, 1, 'HC201712011606249780', '3', '2017-12-01 16:06:24', 0, 0, 'user'),
(65, 1, 'HC201712011607594150', '1', '2017-12-01 16:07:59', 0, 0, 'user'),
(66, 1, 'HC201712011609083519', '1', '2017-12-01 16:09:08', 0, 0, 'user'),
(67, 1, 'HC201712011610171182', '3', '2017-12-01 16:10:17', 0, 0, 'user'),
(68, 1, 'HC201712011610474501', '3', '2017-12-01 16:10:47', 0, 0, 'user'),
(69, 1, 'HC201712011613561146', '3', '2017-12-01 16:13:56', 0, 0, 'user'),
(70, 1, 'HC201712011614526529', '3', '2017-12-01 16:14:52', 0, 0, 'user'),
(71, 1, 'HC201712011615552421', '3', '2017-12-01 16:15:55', 0, 0, 'user'),
(72, 1, 'HC201712011635389088', '3', '2017-12-01 16:35:38', 0, 0, 'user'),
(73, 1, 'HC201712011654123439', '3', '2017-12-01 16:54:12', 0, 1, 'user'),
(74, 1, 'HC201712041603083821', '1', '2017-12-04 16:03:08', 0, 0, '20171204154237tHhPF'),
(75, 1, 'HC201712041603082093', '1', '2017-12-04 16:03:08', 0, 0, '20171204154237tHhPF'),
(76, 1, 'HC201712041612181454', '12', '2017-12-04 16:12:18', 0, 0, '20171204161202iaQKq'),
(77, 1, 'HC201712041613102204', '12', '2017-12-04 16:13:10', 0, 0, '20171204161202iaQKq'),
(78, 1, 'HC201712050825025382', '1', '2017-12-05 08:25:02', 0, 0, '2017120508100600mAy'),
(79, 1, 'HC201712050924334306', '1', '2017-12-05 09:24:33', 0, 0, '2017120508100600mAy'),
(80, 1, 'HC201712050927139763', '1', '2017-12-05 09:27:13', 0, 0, '2017120508100600mAy'),
(81, 1, 'HC201712050927130078', '1', '2017-12-05 09:27:13', 0, 0, '2017120508100600mAy'),
(82, 1, 'HC201712050934323572', '1', '2017-12-05 09:34:32', 0, 0, '2017120508100600mAy'),
(83, 1, 'HC201712050950204551', '1', '2017-12-05 09:50:20', 0, 0, '2017120508100600mAy'),
(84, 1, 'HC201712051006395110', '5', '2017-12-05 10:06:39', 0, 0, '20171205100627zfmKf'),
(85, 1, 'HC201712051040265599', '12', '2017-12-05 10:40:26', 0, 0, '20171205104013FMyao'),
(86, 1, 'HC201712051110437206', '12', '2017-12-05 11:10:43', 0, 0, '20171205110859Moyl0'),
(87, 1, 'HC201712051111084869', '12', '2017-12-05 11:11:08', 0, 0, '20171205110846scTsU'),
(88, 1, 'HC201712051118083012', '1', '2017-12-05 11:18:08', 1, 1, '20171205111346fJH0K'),
(89, 1, 'HC201712051242355590', '5', '2017-12-05 12:42:35', 1, 1, '20171205124223lHa8O'),
(90, 1, 'HC201712051247492359', '6', '2017-12-05 12:47:49', 1, 1, '20171205124726gWDCD'),
(91, 1, 'HC201712051248038184', '6', '2017-12-05 12:48:03', 0, 0, '20171205124740jHg6F'),
(92, 1, 'HC201712051252599999', '8', '2017-12-05 12:52:59', 0, 1, '20171205125245wQ58W'),
(93, 1, 'HC201712051334259027', '5', '2017-12-05 13:34:25', 0, 0, '20171205133414fDZEM'),
(94, 1, 'HC201712051340117243', '5', '2017-12-05 13:40:11', 1, 0, '20171205134006epmO8');

-- --------------------------------------------------------

--
-- 表的结构 `n_seller`
--

CREATE TABLE IF NOT EXISTS `n_seller` (
  `seller_id` int(10) unsigned NOT NULL AUTO_INCREMENT,
  `seller_name` varchar(50) NOT NULL COMMENT '登录名',
  `seller_pwd` varchar(50) NOT NULL COMMENT '登录密码',
  `seller_true_name` varchar(20) NOT NULL COMMENT '真实姓名',
  `seller_id_num` varchar(40) NOT NULL COMMENT '身份证号',
  `seller_email` varchar(50) NOT NULL COMMENT '邮箱',
  `seller_tel` varchar(11) NOT NULL COMMENT '手机号',
  `seller_shop_name` varchar(50) NOT NULL COMMENT '店铺名称',
  `seller_shop_addr` varchar(255) NOT NULL COMMENT '店铺地址',
  `seller_shop_logo` varchar(255) NOT NULL COMMENT '店铺logo',
  `seller_business_licence_num` varchar(255) NOT NULL COMMENT '营业执照编号',
  `seller_business_licence_img` varchar(255) NOT NULL COMMENT '营业执照图片',
  `seller_status` tinyint(2) unsigned NOT NULL DEFAULT '0' COMMENT '状态，0待审核，1审核成功，2审核失败',
  `seller_remark` varchar(255) DEFAULT NULL COMMENT '备注',
  PRIMARY KEY (`seller_id`),
  UNIQUE KEY `seller_name` (`seller_name`),
  UNIQUE KEY `seller_true_name` (`seller_true_name`,`seller_id_num`,`seller_email`,`seller_tel`,`seller_business_licence_num`),
  KEY `seller_psw` (`seller_pwd`,`seller_status`),
  KEY `seller_shop_name` (`seller_shop_name`,`seller_shop_addr`,`seller_shop_logo`,`seller_business_licence_img`),
  KEY `seller_remark` (`seller_remark`)
) ENGINE=InnoDB  DEFAULT CHARSET=utf8 COMMENT='商家表' AUTO_INCREMENT=20 ;

--
-- 转存表中的数据 `n_seller`
--

INSERT INTO `n_seller` (`seller_id`, `seller_name`, `seller_pwd`, `seller_true_name`, `seller_id_num`, `seller_email`, `seller_tel`, `seller_shop_name`, `seller_shop_addr`, `seller_shop_logo`, `seller_business_licence_num`, `seller_business_licence_img`, `seller_status`, `seller_remark`) VALUES
(1, 'admin', 'e10adc3949ba59abbe56e057f20f883e', 'dream2', '3451213xxxxxxx5', '8714885104@qq.com', '17312468037', '测试店铺88', '苏州太仓5', '20171031\\a511a7f04875cd4b75ba4dc52283be02.jpg', '5612333333338', '20171031\\764f89c642a4639c424e0124792edf3b.jpg', 1, 'seller_remark'),
(9, 'user', 'e10adc3949ba59abbe56e057f20f883e', 'dream', '3451213xxxxxxx', '871488504@qq.com', '17312468030', '测试店铺', '苏州太仓', '20171031\\a511a7f04875cd4b75ba4dc52283be02.jpg', '561233333333', '20171031\\764f89c642a4639c424e0124792edf3b.jpg', 1, 'seller_remark'),
(10, 'user2', 'e10adc3949ba59abbe56e057f20f883e', 'yabh', '4563213132', '785456@qq.com', '17542853165', '测试店铺2', '苏州', '20171031\\a511a7f04875cd4b75ba4dc52283be02.jpg', '874562', '20171031\\764f89c642a4639c424e0124792edf3b.jpg', 2, 'seller_remark'),
(11, 'user3', 'e10adc3949ba59abbe56e057f20f883e', 'yabhd', '45632131325', '785456d@qq.com', '17542853164', '测试店铺2', '苏州', '20171031\\17b6884decd69449212658ed7df6918d.jpg', '874585', '20171031\\5c4bf2c34dd566dde6edcec79f6af21b.jpg', 1, 'fsdfsdf'),
(12, 'user4', 'e10adc3949ba59abbe56e057f20f883e', '6582', '1235887', '4563@qq.com', '17212563215', '测试店铺2', '苏州太仓', '20171031\\5794531e85104dbece8c81da67282dd5.jpg', '9465123', '20171031\\e82f20df179173a3605e22bb82e879f7.jpg', 1, 'fsdfsdf'),
(13, 'user5', 'e10adc3949ba59abbe56e057f20f883e', 'dreamfdsf', '456321313295461', '785fsdf456@qq.com', '17312313695', '测试店铺2f', '苏州', '20171110/6cf391079095a2c1e87b33b62f172925.jpg', '874562fds', '20171110/284cb4528593eabced842fb0470f90b2.jpg', 0, NULL),
(14, '夜阑听雨', 'f00e8d248b4f3200c7041301808f191c', '魏雷', '32032419880111519X', '595584617@qq.com', '18262659680', '醉轩', '上海浦东新区秀沿路7388号', '20171110/27c987caa70a1c4639318e5da18c2f29.jpg', '440301112343506', '20171110/9a9013569ea78f0051b6766eb08dfa37.jpg', 1, ''),
(15, '甲乙丙丁', 'f00e8d248b4f3200c7041301808f191c', '李某某', '123456', '55@qq.com', '15000146533', '逍遥居', '苏州太仓12号', '20171110/7898ba03e686293d0cee78c02b3b6af6.jpg', '7895642', '20171110/3c9ee934d860fda963977474b91dd0b8.png', 0, NULL),
(16, 'onlynewcn', 'e10adc3949ba59abbe56e057f20f883e', '123456', '320', 'onlynewcn', '13913799729', '123', '123', '20171117/6848502cf72daa155a853a31d789fbce.jpg', '123', '20171117/f4fef207a4fffcd14074fb679257f5c3.jpg', 1, ''),
(17, '对影成三人', 'e10adc3949ba59abbe56e057f20f883e', '联创', '123456789901115182', 'rr@qq.com', '18662401521', '天上人间', '苏州观前', '20171130/2b7f0ce73e7f99439942495c4bed31f0.png', '123564897', '20171130/3b18fd611c20bfab8968c89fc9558767.png', 1, ''),
(18, 'huangshuang', '42da02a6a3c1c1277a9372dc09f10f69', '黄爽', '342523199607274618', '1252948616@qq.com', '18815794369', 'hh', 'dsfdsf', '20171201/5cdf016911e53ff8381cf995d267c1bf.jpg', '10086', '20171201/85006c9cb2322f2ac7e9c97eb79b721c.jpg', 1, ''),
(19, 'koyu123', 'e807f1fcf82d132f9bb018ca6738a19f', '蘑菇', '3202189805260421', 'dkfk@qq.com', '13584840335', '普天火锅', '太仓上海东路', '20171201/4aa943ae348d609f53181594238cdca9.png', '4512346', '20171201/9c84b1e405236e85451e1bd530caa30f.png', 1, '');

-- --------------------------------------------------------

--
-- 表的结构 `n_shop_set`
--

CREATE TABLE IF NOT EXISTS `n_shop_set` (
  `set_id` int(10) unsigned NOT NULL AUTO_INCREMENT,
  `seller_id` int(10) NOT NULL COMMENT '商家id',
  `set_start_time` varchar(50) NOT NULL COMMENT '上班时间',
  `set_end_time` varchar(50) NOT NULL COMMENT '下班时间',
  `set_wx_pay_img` varchar(255) DEFAULT NULL,
  `set_zfb_pay_img` varchar(255) DEFAULT NULL,
  PRIMARY KEY (`set_id`),
  KEY `seller_id` (`seller_id`,`set_start_time`,`set_end_time`)
) ENGINE=InnoDB  DEFAULT CHARSET=utf8 COMMENT='商家设置表' AUTO_INCREMENT=10 ;

--
-- 转存表中的数据 `n_shop_set`
--

INSERT INTO `n_shop_set` (`set_id`, `seller_id`, `set_start_time`, `set_end_time`, `set_wx_pay_img`, `set_zfb_pay_img`) VALUES
(3, 9, '12:00', '23:00', NULL, NULL),
(4, 14, '8:30', '22:00', NULL, NULL),
(5, 17, '9:00', '20:00', NULL, NULL),
(6, 19, '', '', NULL, NULL),
(9, 1, '10:00', '20:00', '20171205/69185defb074bb8e6add29df1f5aee8e.png', '20171205/548cab36cfc389d3f696fd6ab70eca25.png');

-- --------------------------------------------------------

--
-- 表的结构 `n_sys_user`
--

CREATE TABLE IF NOT EXISTS `n_sys_user` (
  `sys_uid` int(10) unsigned NOT NULL AUTO_INCREMENT,
  `sys_uname` varchar(50) NOT NULL COMMENT '用户名',
  `sys_upwd` varchar(50) NOT NULL,
  `sys_uauth` tinyint(2) NOT NULL DEFAULT '2' COMMENT '权限，1：超级管理员。2：普通管理员。',
  `sys_ustatus` tinyint(2) unsigned NOT NULL DEFAULT '1' COMMENT '状态，1：正常使用，2禁用',
  PRIMARY KEY (`sys_uid`),
  KEY `sys_uname` (`sys_uname`,`sys_upwd`,`sys_uauth`,`sys_ustatus`)
) ENGINE=InnoDB  DEFAULT CHARSET=utf8 COMMENT='系统用户表' AUTO_INCREMENT=2 ;

--
-- 转存表中的数据 `n_sys_user`
--

INSERT INTO `n_sys_user` (`sys_uid`, `sys_uname`, `sys_upwd`, `sys_uauth`, `sys_ustatus`) VALUES
(1, 'system', 'e10adc3949ba59abbe56e057f20f883e', 1, 1);

-- --------------------------------------------------------

--
-- 表的结构 `n_type`
--

CREATE TABLE IF NOT EXISTS `n_type` (
  `type_id` int(10) unsigned NOT NULL AUTO_INCREMENT,
  `seller_id` int(10) NOT NULL COMMENT '商家id',
  `type_name` varchar(50) NOT NULL COMMENT '分类名称',
  PRIMARY KEY (`type_id`),
  KEY `seller_id` (`seller_id`,`type_name`)
) ENGINE=InnoDB  DEFAULT CHARSET=utf8 COMMENT='商家分类表' AUTO_INCREMENT=20 ;

--
-- 转存表中的数据 `n_type`
--

INSERT INTO `n_type` (`type_id`, `seller_id`, `type_name`) VALUES
(9, 1, '主食'),
(1, 1, '冷菜'),
(4, 1, '汤类'),
(11, 1, '河海鲜'),
(3, 1, '火锅'),
(12, 1, '点心'),
(2, 1, '热菜'),
(10, 1, '酒水'),
(7, 14, '热菜'),
(6, 14, '热门推荐'),
(5, 14, '特色菜品'),
(15, 17, '凉秋'),
(16, 17, '凛冬'),
(13, 17, '初春'),
(14, 17, '盛夏'),
(18, 18, 'sfas'),
(17, 18, 'svc'),
(19, 19, '阿拉丁');

-- --------------------------------------------------------

--
-- 表的结构 `n_user`
--

CREATE TABLE IF NOT EXISTS `n_user` (
  `user_id` int(10) unsigned NOT NULL AUTO_INCREMENT,
  `seller_id` int(10) unsigned NOT NULL COMMENT '商家id',
  `user_name` varchar(50) NOT NULL COMMENT '用户名',
  `user_pwd` varchar(50) NOT NULL COMMENT '登录密码',
  `user_status` tinyint(2) unsigned NOT NULL DEFAULT '1' COMMENT '用户状态 1正常使用，0禁言',
  `user_auth` tinyint(2) unsigned NOT NULL DEFAULT '2' COMMENT '权限，1最高权限',
  PRIMARY KEY (`user_id`),
  UNIQUE KEY `user_name` (`user_name`),
  KEY `user_pwd` (`user_pwd`,`user_status`,`user_auth`),
  KEY `seller_id` (`seller_id`)
) ENGINE=InnoDB  DEFAULT CHARSET=utf8 COMMENT='商家用户表' AUTO_INCREMENT=16 ;

--
-- 转存表中的数据 `n_user`
--

INSERT INTO `n_user` (`user_id`, `seller_id`, `user_name`, `user_pwd`, `user_status`, `user_auth`) VALUES
(1, 1, 'admin', 'e10adc3949ba59abbe56e057f20f883e', 1, 1),
(2, 11, 'user3', 'e10adc3949ba59abbe56e057f20f883e', 1, 1),
(3, 12, 'user4', 'e10adc3949ba59abbe56e057f20f883e', 1, 1),
(4, 14, '夜阑听雨', 'f00e8d248b4f3200c7041301808f191c', 1, 1),
(5, 16, 'onlynewcn', 'e10adc3949ba59abbe56e057f20f883e', 1, 1),
(11, 1, 'qwer', 'e10adc3949ba59abbe56e057f20f883e', 1, 2),
(12, 1, 'qwe', 'e10adc3949ba59abbe56e057f20f883e', 1, 2),
(13, 17, '对影成三人', 'e10adc3949ba59abbe56e057f20f883e', 1, 1),
(14, 18, 'huangshuang', '42da02a6a3c1c1277a9372dc09f10f69', 1, 1),
(15, 19, 'koyu123', 'e807f1fcf82d132f9bb018ca6738a19f', 1, 1);

/*!40101 SET CHARACTER_SET_CLIENT=@OLD_CHARACTER_SET_CLIENT */;
/*!40101 SET CHARACTER_SET_RESULTS=@OLD_CHARACTER_SET_RESULTS */;
/*!40101 SET COLLATION_CONNECTION=@OLD_COLLATION_CONNECTION */;
